Tracefile,Predictor,Predictor Arguments,Misprediction Rate,Accuracy,Precision,Recall,Fl,Runtime
gcc_trace.txt,Smith,"1",45.24,0.5476,0.5442,0.5442,0.5442,12.5
gcc_trace.txt,Smith,"2",43.01,0.5699,0.5683,0.5547,0.5614,12.6
gcc_trace.txt,Smith,"3",41.57,0.5843,0.5890,0.5369,0.5617,12.7
gcc_trace.txt,Smith,"4",41.68,0.5832,0.5921,0.5149,0.5508,12.7
gcc_trace.txt,Smith,"5",41.33,0.5867,0.5944,0.5259,0.5581,12.7
gcc_trace.txt,Bimodal,"2",38.82,0.6118,0.6178,0.5705,0.5933,12.7
gcc_trace.txt,Bimodal,"4",35.05,0.6495,0.6572,0.6140,0.6349,12.7
gcc_trace.txt,Bimodal,"6",30.29,0.6972,0.7046,0.6710,0.6874,12.7
gcc_trace.txt,Bimodal,"8",21.66,0.7834,0.7877,0.7715,0.7795,12.5
gcc_trace.txt,Bimodal,"10",15.33,0.8467,0.8496,0.8397,0.8446,12.6
gcc_trace.txt,Bimodal,"12",12.30,0.8770,0.8783,0.8730,0.8757,12.6
gcc_trace.txt,Bimodal,"14",11.08,0.8892,0.8883,0.8885,0.8884,12.5
gcc_trace.txt,Bimodal,"16",10.80,0.8920,0.8906,0.8920,0.8913,12.5
gcc_trace.txt,GShare,"2, 2",40.78,0.5922,0.5976,0.5458,0.5705,14.5
gcc_trace.txt,GShare,"4, 2",37.43,0.6257,0.6319,0.5886,0.6095,14.5
gcc_trace.txt,GShare,"4, 4",38.34,0.6166,0.6201,0.5872,0.6032,14.4
gcc_trace.txt,GShare,"6, 2",31.42,0.6858,0.6916,0.6620,0.6764,14.4
gcc_trace.txt,GShare,"6, 4",32.93,0.6707,0.6786,0.6390,0.6582,14.4
gcc_trace.txt,GShare,"6, 6",34.70,0.6530,0.6577,0.6272,0.6421,14.4
gcc_trace.txt,GShare,"8, 2",23.56,0.7644,0.7672,0.7541,0.7606,14.3
gcc_trace.txt,GShare,"8, 4",24.96,0.7504,0.7536,0.7385,0.7460,14.4
gcc_trace.txt,GShare,"8, 6",27.53,0.7247,0.7288,0.7090,0.7188,14.4
gcc_trace.txt,GShare,"8, 8",29.53,0.7047,0.7108,0.6828,0.6965,14.4
gcc_trace.txt,GShare,"10, 2",16.95,0.8305,0.8269,0.8327,0.8298,14.2
gcc_trace.txt,GShare,"10, 4",18.00,0.8200,0.8215,0.8143,0.8179,14.3
gcc_trace.txt,GShare,"10, 6",19.88,0.8012,0.7987,0.8015,0.8001,14.3
gcc_trace.txt,GShare,"10, 8",21.22,0.7878,0.7888,0.7816,0.7852,14.4
gcc_trace.txt,GShare,"10, 10",22.52,0.7748,0.7761,0.7676,0.7718,14.5
gcc_trace.txt,GShare,"12, 2",12.53,0.8747,0.8728,0.8751,0.8739,14.2
gcc_trace.txt,GShare,"12, 4",13.40,0.8660,0.8631,0.8677,0.8654,14.3
gcc_trace.txt,GShare,"12, 6",14.47,0.8553,0.8513,0.8585,0.8549,14.2
gcc_trace.txt,GShare,"12, 8",15.16,0.8484,0.8456,0.8496,0.8476,14.2
gcc_trace.txt,GShare,"12, 10",15.69,0.8431,0.8420,0.8419,0.8420,14.3
gcc_trace.txt,GShare,"12, 12",16.28,0.8372,0.8317,0.8423,0.8370,14.2
gcc_trace.txt,GShare,"14, 2",11.09,0.8891,0.8852,0.8922,0.8887,17.6
gcc_trace.txt,GShare,"14, 4",11.55,0.8845,0.8792,0.8894,0.8843,17.5
gcc_trace.txt,GShare,"14, 6",11.65,0.8835,0.8769,0.8903,0.8835,17.1
gcc_trace.txt,GShare,"14, 8",11.62,0.8838,0.8764,0.8917,0.8840,17.2
gcc_trace.txt,GShare,"14, 10",11.55,0.8845,0.8760,0.8937,0.8848,16.0
gcc_trace.txt,GShare,"14, 12",12.00,0.8800,0.8707,0.8904,0.8804,15.3
gcc_trace.txt,GShare,"14, 14",12.55,0.8745,0.8657,0.8843,0.8749,16.5
gcc_trace.txt,GShare,"16, 2",10.70,0.8930,0.8882,0.8973,0.8927,15.5
gcc_trace.txt,GShare,"16, 4",10.83,0.8917,0.8846,0.8990,0.8918,15.7
gcc_trace.txt,GShare,"16, 6",10.59,0.8941,0.8851,0.9040,0.8944,15.8
gcc_trace.txt,GShare,"16, 8",10.09,0.8991,0.8883,0.9113,0.8996,15.7
gcc_trace.txt,GShare,"16, 10",9.78,0.9022,0.8890,0.9174,0.9030,15.6
gcc_trace.txt,GShare,"16, 12",9.75,0.9025,0.8871,0.9209,0.9036,15.7
gcc_trace.txt,GShare,"16, 14",9.76,0.9024,0.8855,0.9227,0.9037,15.4
gcc_trace.txt,GShare,"16, 16",9.64,0.9036,0.8851,0.9260,0.9051,15.4
gcc_trace.txt,Hybrid,"2, 2, 2, 2",38.20,0.6180,0.6258,0.5729,0.5982,30.1
gcc_trace.txt,Hybrid,"2, 2, 2, 6",31.63,0.6837,0.6939,0.6489,0.6706,29.8
gcc_trace.txt,Hybrid,"2, 2, 2, 10",16.74,0.8326,0.8374,0.8225,0.8299,29.8
gcc_trace.txt,Hybrid,"2, 2, 2, 14",11.88,0.8812,0.8819,0.8782,0.8800,28.9
gcc_trace.txt,Hybrid,"2, 6, 2, 2",32.37,0.6763,0.6817,0.6523,0.6667,28.5
gcc_trace.txt,Hybrid,"2, 6, 2, 6",29.20,0.7080,0.7157,0.6827,0.6988,27.5
gcc_trace.txt,Hybrid,"2, 6, 2, 10",16.49,0.8351,0.8372,0.8289,0.8330,27.1
gcc_trace.txt,Hybrid,"2, 6, 2, 14",11.65,0.8835,0.8825,0.8827,0.8826,26.8
gcc_trace.txt,Hybrid,"2, 6, 6, 2",34.59,0.6541,0.6599,0.6250,0.6420,28.1
gcc_trace.txt,Hybrid,"2, 6, 6, 6",30.20,0.6980,0.7037,0.6759,0.6895,28.1
gcc_trace.txt,Hybrid,"2, 6, 6, 10",16.60,0.8340,0.8366,0.8269,0.8317,27.5
gcc_trace.txt,Hybrid,"2, 6, 6, 14",11.75,0.8825,0.8811,0.8824,0.8817,27.0
gcc_trace.txt,Hybrid,"2, 10, 2, 2",18.46,0.8154,0.8140,0.8141,0.8140,28.1
gcc_trace.txt,Hybrid,"2, 10, 2, 6",18.21,0.8179,0.8157,0.8178,0.8168,27.9
gcc_trace.txt,Hybrid,"2, 10, 2, 10",14.97,0.8503,0.8503,0.8476,0.8490,27.3
gcc_trace.txt,Hybrid,"2, 10, 2, 14",11.51,0.8849,0.8822,0.8864,0.8843,27.0
gcc_trace.txt,Hybrid,"2, 10, 6, 2",21.55,0.7845,0.7840,0.7810,0.7825,28.1
gcc_trace.txt,Hybrid,"2, 10, 6, 6",20.78,0.7922,0.7915,0.7892,0.7904,27.8
gcc_trace.txt,Hybrid,"2, 10, 6, 10",15.46,0.8454,0.8462,0.8413,0.8438,27.1
gcc_trace.txt,Hybrid,"2, 10, 6, 14",11.45,0.8855,0.8820,0.8881,0.8850,27.1
gcc_trace.txt,Hybrid,"2, 10, 10, 2",24.23,0.7577,0.7624,0.7435,0.7528,28.5
gcc_trace.txt,Hybrid,"2, 10, 10, 6",23.01,0.7699,0.7726,0.7600,0.7662,28.0
gcc_trace.txt,Hybrid,"2, 10, 10, 10",15.90,0.8410,0.8420,0.8365,0.8393,27.2
gcc_trace.txt,Hybrid,"2, 10, 10, 14",11.56,0.8844,0.8818,0.8858,0.8838,27.0
gcc_trace.txt,Hybrid,"2, 14, 2, 2",11.69,0.8831,0.8794,0.8859,0.8826,28.4
gcc_trace.txt,Hybrid,"2, 14, 2, 6",11.64,0.8836,0.8807,0.8853,0.8830,28.1
gcc_trace.txt,Hybrid,"2, 14, 2, 10",11.50,0.8850,0.8806,0.8889,0.8847,27.7
gcc_trace.txt,Hybrid,"2, 14, 2, 14",10.70,0.8930,0.8869,0.8991,0.8929,27.1
gcc_trace.txt,Hybrid,"2, 14, 6, 2",12.57,0.8743,0.8697,0.8782,0.8740,28.4
gcc_trace.txt,Hybrid,"2, 14, 6, 6",12.56,0.8744,0.8681,0.8808,0.8744,28.5
gcc_trace.txt,Hybrid,"2, 14, 6, 10",11.92,0.8808,0.8752,0.8862,0.8807,28.0
gcc_trace.txt,Hybrid,"2, 14, 6, 14",10.55,0.8945,0.8864,0.9032,0.8947,27.9
gcc_trace.txt,Hybrid,"2, 14, 10, 2",12.81,0.8719,0.8638,0.8806,0.8721,28.6
gcc_trace.txt,Hybrid,"2, 14, 10, 6",12.72,0.8728,0.8661,0.8796,0.8728,27.8
gcc_trace.txt,Hybrid,"2, 14, 10, 10",11.96,0.8804,0.8736,0.8874,0.8804,27.3
gcc_trace.txt,Hybrid,"2, 14, 10, 14",10.29,0.8971,0.8877,0.9073,0.8974,27.1
gcc_trace.txt,Hybrid,"2, 14, 14, 2",14.03,0.8597,0.8539,0.8652,0.8595,27.9
gcc_trace.txt,Hybrid,"2, 14, 14, 6",13.68,0.8632,0.8576,0.8684,0.8630,27.6
gcc_trace.txt,Hybrid,"2, 14, 14, 10",12.36,0.8764,0.8701,0.8828,0.8764,27.2
gcc_trace.txt,Hybrid,"2, 14, 14, 14",10.29,0.8971,0.8874,0.9077,0.8974,26.9
gcc_trace.txt,Hybrid,"6, 2, 2, 2",33.57,0.6643,0.6758,0.6219,0.6477,27.8
gcc_trace.txt,Hybrid,"6, 2, 2, 6",31.38,0.6862,0.6936,0.6585,0.6756,27.7
gcc_trace.txt,Hybrid,"6, 2, 2, 10",16.92,0.8308,0.8356,0.8204,0.8279,27.3
gcc_trace.txt,Hybrid,"6, 2, 2, 14",11.95,0.8805,0.8816,0.8770,0.8793,27.1
gcc_trace.txt,Hybrid,"6, 6, 2, 2",29.40,0.7060,0.7158,0.6758,0.6952,27.7
gcc_trace.txt,Hybrid,"6, 6, 2, 6",27.61,0.7239,0.7308,0.7023,0.7163,27.6
gcc_trace.txt,Hybrid,"6, 6, 2, 10",15.99,0.8401,0.8416,0.8349,0.8382,27.2
gcc_trace.txt,Hybrid,"6, 6, 2, 14",11.57,0.8843,0.8823,0.8849,0.8836,27.0
gcc_trace.txt,Hybrid,"6, 6, 6, 2",30.38,0.6962,0.7052,0.6663,0.6852,27.7
gcc_trace.txt,Hybrid,"6, 6, 6, 6",28.76,0.7124,0.7177,0.6930,0.7051,27.6
gcc_trace.txt,Hybrid,"6, 6, 6, 10",16.14,0.8386,0.8395,0.8343,0.8369,27.1
gcc_trace.txt,Hybrid,"6, 6, 6, 14",11.27,0.8873,0.8833,0.8907,0.8869,27.0
gcc_trace.txt,Hybrid,"6, 10, 2, 2",17.77,0.8223,0.8241,0.8161,0.8201,27.8
gcc_trace.txt,Hybrid,"6, 10, 2, 6",17.14,0.8286,0.8290,0.8247,0.8269,27.8
gcc_trace.txt,Hybrid,"6, 10, 2, 10",14.04,0.8596,0.8587,0.8584,0.8585,27.3
gcc_trace.txt,Hybrid,"6, 10, 2, 14",11.08,0.8892,0.8858,0.8918,0.8888,26.9
gcc_trace.txt,Hybrid,"6, 10, 6, 2",20.01,0.7999,0.8036,0.7898,0.7966,27.8
gcc_trace.txt,Hybrid,"6, 10, 6, 6",19.39,0.8061,0.8062,0.8022,0.8042,27.9
gcc_trace.txt,Hybrid,"6, 10, 6, 10",13.96,0.8604,0.8581,0.8610,0.8595,27.1
gcc_trace.txt,Hybrid,"6, 10, 6, 14",10.53,0.8947,0.8897,0.8993,0.8945,26.9
gcc_trace.txt,Hybrid,"6, 10, 10, 2",22.48,0.7752,0.7830,0.7569,0.7697,27.7
gcc_trace.txt,Hybrid,"6, 10, 10, 6",21.71,0.7829,0.7869,0.7714,0.7791,27.8
gcc_trace.txt,Hybrid,"6, 10, 10, 10",14.35,0.8565,0.8530,0.8587,0.8558,27.1
gcc_trace.txt,Hybrid,"6, 10, 10, 14",10.48,0.8952,0.8896,0.9007,0.8951,26.9
gcc_trace.txt,Hybrid,"6, 14, 2, 2",11.79,0.8821,0.8811,0.8814,0.8812,27.9
gcc_trace.txt,Hybrid,"6, 14, 2, 6",11.60,0.8840,0.8808,0.8861,0.8835,27.8
gcc_trace.txt,Hybrid,"6, 14, 2, 10",11.05,0.8895,0.8859,0.8923,0.8891,27.4
gcc_trace.txt,Hybrid,"6, 14, 2, 14",10.27,0.8973,0.8918,0.9025,0.8971,27.1
gcc_trace.txt,Hybrid,"6, 14, 6, 2",12.14,0.8786,0.8753,0.8809,0.8781,27.9
gcc_trace.txt,Hybrid,"6, 14, 6, 6",11.89,0.8811,0.8743,0.8882,0.8812,27.8
gcc_trace.txt,Hybrid,"6, 14, 6, 10",10.85,0.8915,0.8851,0.8978,0.8914,27.3
gcc_trace.txt,Hybrid,"6, 14, 6, 14",9.39,0.9061,0.8987,0.9138,0.9062,26.8
gcc_trace.txt,Hybrid,"6, 14, 10, 2",12.19,0.8781,0.8735,0.8821,0.8778,27.7
gcc_trace.txt,Hybrid,"6, 14, 10, 6",12.06,0.8794,0.8705,0.8892,0.8798,27.7
gcc_trace.txt,Hybrid,"6, 14, 10, 10",10.89,0.8911,0.8829,0.9000,0.8913,27.2
gcc_trace.txt,Hybrid,"6, 14, 10, 14",9.01,0.9099,0.8995,0.9214,0.9103,26.8
gcc_trace.txt,Hybrid,"6, 14, 14, 2",13.26,0.8674,0.8630,0.8712,0.8671,27.7
gcc_trace.txt,Hybrid,"6, 14, 14, 6",13.08,0.8692,0.8624,0.8761,0.8692,28.1
gcc_trace.txt,Hybrid,"6, 14, 14, 10",11.42,0.8858,0.8767,0.8959,0.8862,27.1
gcc_trace.txt,Hybrid,"6, 14, 14, 14",9.19,0.9081,0.8968,0.9208,0.9087,26.9
gcc_trace.txt,Hybrid,"10, 2, 2, 2",17.36,0.8264,0.8289,0.8193,0.8241,28.1
gcc_trace.txt,Hybrid,"10, 2, 2, 6",18.07,0.8193,0.8089,0.8326,0.8206,28.0
gcc_trace.txt,Hybrid,"10, 2, 2, 10",19.96,0.8004,0.8030,0.7921,0.7975,27.4
gcc_trace.txt,Hybrid,"10, 2, 2, 14",13.07,0.8693,0.8754,0.8588,0.8670,27.1
gcc_trace.txt,Hybrid,"10, 6, 2, 2",17.56,0.8244,0.8328,0.8084,0.8204,28.0
gcc_trace.txt,Hybrid,"10, 6, 2, 6",17.09,0.8291,0.8314,0.8224,0.8269,27.8
gcc_trace.txt,Hybrid,"10, 6, 2, 10",16.52,0.8348,0.8372,0.8282,0.8326,27.4
gcc_trace.txt,Hybrid,"10, 6, 2, 14",11.25,0.8875,0.8891,0.8836,0.8863,27.1
gcc_trace.txt,Hybrid,"10, 6, 6, 2",16.25,0.8375,0.8386,0.8328,0.8357,28.0
gcc_trace.txt,Hybrid,"10, 6, 6, 6",17.41,0.8259,0.8188,0.8335,0.8261,27.8
gcc_trace.txt,Hybrid,"10, 6, 6, 10",17.34,0.8266,0.8265,0.8235,0.8250,27.5
gcc_trace.txt,Hybrid,"10, 6, 6, 14",11.24,0.8876,0.8860,0.8877,0.8868,27.1
gcc_trace.txt,Hybrid,"10, 10, 2, 2",16.10,0.8390,0.8549,0.8136,0.8338,27.8
gcc_trace.txt,Hybrid,"10, 10, 2, 6",14.65,0.8535,0.8597,0.8423,0.8509,27.8
gcc_trace.txt,Hybrid,"10, 10, 2, 10",13.12,0.8688,0.8683,0.8671,0.8677,27.5
gcc_trace.txt,Hybrid,"10, 10, 2, 14",10.57,0.8943,0.8909,0.8967,0.8938,27.1
gcc_trace.txt,Hybrid,"10, 10, 6, 2",13.73,0.8627,0.8805,0.8369,0.8581,27.9
gcc_trace.txt,Hybrid,"10, 10, 6, 6",13.97,0.8603,0.8637,0.8530,0.8583,27.6
gcc_trace.txt,Hybrid,"10, 10, 6, 10",12.70,0.8730,0.8695,0.8755,0.8725,27.3
gcc_trace.txt,Hybrid,"10, 10, 6, 14",9.52,0.9048,0.8995,0.9099,0.9047,27.1
gcc_trace.txt,Hybrid,"10, 10, 10, 2",14.18,0.8582,0.8709,0.8386,0.8545,27.9
gcc_trace.txt,Hybrid,"10, 10, 10, 6",14.85,0.8515,0.8556,0.8429,0.8492,27.6
gcc_trace.txt,Hybrid,"10, 10, 10, 10",13.52,0.8648,0.8636,0.8640,0.8638,27.3
gcc_trace.txt,Hybrid,"10, 10, 10, 14",9.50,0.9050,0.9002,0.9093,0.9047,27.0
gcc_trace.txt,Hybrid,"10, 14, 2, 2",11.51,0.8849,0.9047,0.8584,0.8809,27.8
gcc_trace.txt,Hybrid,"10, 14, 2, 6",11.06,0.8894,0.8953,0.8799,0.8876,27.7
gcc_trace.txt,Hybrid,"10, 14, 2, 10",10.57,0.8943,0.8920,0.8953,0.8937,27.4
gcc_trace.txt,Hybrid,"10, 14, 2, 14",9.96,0.9004,0.8957,0.9046,0.9001,27.1
gcc_trace.txt,Hybrid,"10, 14, 6, 2",10.21,0.8979,0.9154,0.8752,0.8948,27.7
gcc_trace.txt,Hybrid,"10, 14, 6, 6",9.94,0.9006,0.9044,0.8943,0.8993,27.7
gcc_trace.txt,Hybrid,"10, 14, 6, 10",9.70,0.9030,0.8977,0.9079,0.9028,27.4
gcc_trace.txt,Hybrid,"10, 14, 6, 14",8.46,0.9154,0.9078,0.9233,0.9155,27.0
gcc_trace.txt,Hybrid,"10, 14, 10, 2",9.68,0.9032,0.9152,0.8872,0.9010,27.7
gcc_trace.txt,Hybrid,"10, 14, 10, 6",9.87,0.9013,0.9035,0.8970,0.9002,27.6
gcc_trace.txt,Hybrid,"10, 14, 10, 10",9.79,0.9021,0.8945,0.9101,0.9022,27.5
gcc_trace.txt,Hybrid,"10, 14, 10, 14",7.89,0.9211,0.9104,0.9327,0.9214,27.0
gcc_trace.txt,Hybrid,"10, 14, 14, 2",10.02,0.8998,0.9134,0.8817,0.8972,27.8
gcc_trace.txt,Hybrid,"10, 14, 14, 6",10.26,0.8974,0.9026,0.8892,0.8958,27.7
gcc_trace.txt,Hybrid,"10, 14, 14, 10",10.18,0.8982,0.8907,0.9061,0.8983,27.4
gcc_trace.txt,Hybrid,"10, 14, 14, 14",7.89,0.9211,0.9103,0.9329,0.9215,27.0
gcc_trace.txt,YehPatt,"2, 2",39.81,0.6019,0.6090,0.5528,0.5795,16.1
gcc_trace.txt,YehPatt,"2, 4",38.82,0.6118,0.6174,0.5725,0.5941,16.3
gcc_trace.txt,YehPatt,"2, 6",36.41,0.6359,0.6426,0.5997,0.6204,16.2
gcc_trace.txt,YehPatt,"2, 8",33.26,0.6674,0.6737,0.6398,0.6563,16.1
gcc_trace.txt,YehPatt,"2, 10",28.89,0.7111,0.7148,0.6953,0.7049,16.2
gcc_trace.txt,YehPatt,"4, 2",38.10,0.6190,0.6282,0.5690,0.5971,16.2
gcc_trace.txt,YehPatt,"4, 4",36.57,0.6343,0.6432,0.5909,0.6159,16.2
gcc_trace.txt,YehPatt,"4, 6",35.11,0.6489,0.6573,0.6112,0.6334,16.1
gcc_trace.txt,YehPatt,"4, 8",32.79,0.6721,0.6799,0.6412,0.6600,16.1
gcc_trace.txt,YehPatt,"4, 10",29.75,0.7025,0.7100,0.6768,0.6930,16.1
gcc_trace.txt,YehPatt,"6, 2",33.26,0.6674,0.6768,0.6313,0.6532,16.2
gcc_trace.txt,YehPatt,"6, 4",32.18,0.6782,0.6877,0.6442,0.6652,16.2
gcc_trace.txt,YehPatt,"6, 6",30.94,0.6906,0.6997,0.6598,0.6792,16.2
gcc_trace.txt,YehPatt,"6, 8",29.27,0.7073,0.7173,0.6769,0.6965,16.1
gcc_trace.txt,YehPatt,"6, 10",27.38,0.7262,0.7345,0.7021,0.7179,16.1
gcc_trace.txt,YehPatt,"8, 2",25.43,0.7457,0.7527,0.7263,0.7392,16.1
gcc_trace.txt,YehPatt,"8, 4",23.28,0.7672,0.7719,0.7537,0.7627,16.0
gcc_trace.txt,YehPatt,"8, 6",21.61,0.7839,0.7860,0.7757,0.7808,16.0
gcc_trace.txt,YehPatt,"8, 8",20.37,0.7963,0.7982,0.7889,0.7935,16.0
gcc_trace.txt,YehPatt,"8, 10",19.46,0.8054,0.8073,0.7983,0.8028,16.1
gcc_trace.txt,YehPatt,"10, 2",17.86,0.8214,0.8199,0.8204,0.8201,16.1
gcc_trace.txt,YehPatt,"10, 4",15.75,0.8425,0.8425,0.8395,0.8410,16.0
gcc_trace.txt,YehPatt,"10, 6",14.57,0.8543,0.8531,0.8533,0.8532,16.0
gcc_trace.txt,YehPatt,"10, 8",13.76,0.8624,0.8609,0.8619,0.8614,16.0
gcc_trace.txt,YehPatt,"10, 10",13.18,0.8682,0.8660,0.8690,0.8675,16.1
gcc_trace.txt,YehPatt,"12, 2",14.13,0.8587,0.8537,0.8631,0.8584,16.1
gcc_trace.txt,YehPatt,"12, 4",12.26,0.8774,0.8760,0.8771,0.8766,16.0
gcc_trace.txt,YehPatt,"12, 6",11.34,0.8866,0.8851,0.8866,0.8859,16.0
gcc_trace.txt,YehPatt,"12, 8",10.67,0.8933,0.8916,0.8935,0.8926,16.0
gcc_trace.txt,YehPatt,"12, 10",10.17,0.8983,0.8957,0.8999,0.8978,16.0
gcc_trace.txt,YehPatt,"14, 2",12.90,0.8710,0.8652,0.8766,0.8709,16.0
gcc_trace.txt,YehPatt,"14, 4",11.15,0.8885,0.8851,0.8910,0.8880,15.9
gcc_trace.txt,YehPatt,"14, 6",10.29,0.8971,0.8956,0.8973,0.8964,15.9
gcc_trace.txt,YehPatt,"14, 8",9.64,0.9036,0.9013,0.9049,0.9031,15.9
gcc_trace.txt,YehPatt,"14, 10",9.16,0.9084,0.9056,0.9104,0.9080,16.3
gcc_trace.txt,YehPatt,"16, 2",12.62,0.8738,0.8686,0.8786,0.8736,15.9
gcc_trace.txt,YehPatt,"16, 4",10.87,0.8913,0.8887,0.8928,0.8908,16.0
gcc_trace.txt,YehPatt,"16, 6",10.01,0.8999,0.8990,0.8994,0.8992,15.9
gcc_trace.txt,YehPatt,"16, 8",9.33,0.9067,0.9046,0.9077,0.9062,15.9
gcc_trace.txt,YehPatt,"16, 10",8.86,0.9114,0.9091,0.9127,0.9109,16.0
gcc_trace.txt,TAGE,"2",38.79,0.6121,0.6168,0.5763,0.5958,20.3
gcc_trace.txt,TAGE,"4",35.09,0.6491,0.6522,0.6276,0.6397,22.8
gcc_trace.txt,TAGE,"6",30.84,0.6916,0.6907,0.6855,0.6881,24.4
gcc_trace.txt,TAGE,"8",22.68,0.7732,0.7653,0.7832,0.7741,24.8
gcc_trace.txt,TAGE,"10",16.92,0.8308,0.8159,0.8510,0.8331,26.1
gcc_trace.txt,TAGE,"12",14.00,0.8600,0.8422,0.8834,0.8623,26.0
gcc_trace.txt,TAGE,"14",12.93,0.8707,0.8494,0.8989,0.8734,26.0
gcc_trace.txt,TAGE,"16",12.60,0.8740,0.8529,0.9016,0.8766,25.9
jpeg_trace.txt,Smith,"1",50.02,0.4998,0.6526,0.6526,0.6526,12.4
jpeg_trace.txt,Smith,"2",30.98,0.6902,0.7344,0.8924,0.8057,12.3
jpeg_trace.txt,Smith,"3",29.12,0.7088,0.7340,0.9339,0.8220,12.2
jpeg_trace.txt,Smith,"4",28.14,0.7186,0.7370,0.9471,0.8289,12.4
jpeg_trace.txt,Smith,"5",28.00,0.7200,0.7350,0.9558,0.8310,12.3
jpeg_trace.txt,Bimodal,"2",28.33,0.7167,0.7541,0.9000,0.8206,12.5
jpeg_trace.txt,Bimodal,"4",11.52,0.8848,0.9141,0.9271,0.9205,12.4
jpeg_trace.txt,Bimodal,"6",8.24,0.9176,0.9296,0.9581,0.9436,12.3
jpeg_trace.txt,Bimodal,"8",7.75,0.9225,0.9330,0.9615,0.9470,12.3
jpeg_trace.txt,Bimodal,"10",7.65,0.9235,0.9338,0.9619,0.9476,12.4
jpeg_trace.txt,Bimodal,"12",7.49,0.9251,0.9348,0.9632,0.9488,12.3
jpeg_trace.txt,Bimodal,"14",7.48,0.9252,0.9348,0.9633,0.9489,12.3
jpeg_trace.txt,Bimodal,"16",7.47,0.9253,0.9348,0.9634,0.9489,12.3
jpeg_trace.txt,GShare,"2, 2",14.01,0.8599,0.8820,0.9298,0.9053,14.2
jpeg_trace.txt,GShare,"4, 2",11.83,0.8817,0.9083,0.9295,0.9188,14.2
jpeg_trace.txt,GShare,"4, 4",14.81,0.8519,0.8734,0.9288,0.9003,14.2
jpeg_trace.txt,GShare,"6, 2",8.93,0.9107,0.9220,0.9569,0.9391,14.2
jpeg_trace.txt,GShare,"6, 4",9.51,0.9049,0.9153,0.9565,0.9354,14.2
jpeg_trace.txt,GShare,"6, 6",10.39,0.8961,0.9098,0.9498,0.9294,14.1
jpeg_trace.txt,GShare,"8, 2",8.04,0.9196,0.9295,0.9613,0.9451,14.2
jpeg_trace.txt,GShare,"8, 4",8.20,0.9180,0.9283,0.9603,0.9440,14.2
jpeg_trace.txt,GShare,"8, 6",8.82,0.9118,0.9241,0.9561,0.9398,14.1
jpeg_trace.txt,GShare,"8, 8",9.07,0.9093,0.9224,0.9543,0.9381,14.1
jpeg_trace.txt,GShare,"10, 2",7.87,0.9213,0.9304,0.9626,0.9463,14.2
jpeg_trace.txt,GShare,"10, 4",7.97,0.9203,0.9301,0.9616,0.9456,14.1
jpeg_trace.txt,GShare,"10, 6",8.37,0.9163,0.9275,0.9586,0.9428,14.1
jpeg_trace.txt,GShare,"10, 8",8.05,0.9195,0.9322,0.9577,0.9448,14.1
jpeg_trace.txt,GShare,"10, 10",7.98,0.9202,0.9332,0.9576,0.9453,14.1
jpeg_trace.txt,GShare,"12, 2",7.43,0.9257,0.9346,0.9643,0.9492,14.1
jpeg_trace.txt,GShare,"12, 4",7.60,0.9240,0.9336,0.9629,0.9480,14.1
jpeg_trace.txt,GShare,"12, 6",7.84,0.9216,0.9318,0.9614,0.9464,14.1
jpeg_trace.txt,GShare,"12, 8",7.28,0.9272,0.9381,0.9625,0.9501,14.1
jpeg_trace.txt,GShare,"12, 10",7.30,0.9270,0.9386,0.9615,0.9499,14.1
jpeg_trace.txt,GShare,"12, 12",7.35,0.9265,0.9380,0.9614,0.9496,14.2
jpeg_trace.txt,GShare,"14, 2",7.39,0.9261,0.9347,0.9647,0.9495,14.2
jpeg_trace.txt,GShare,"14, 4",7.55,0.9245,0.9338,0.9634,0.9484,14.1
jpeg_trace.txt,GShare,"14, 6",7.75,0.9225,0.9324,0.9622,0.9471,14.0
jpeg_trace.txt,GShare,"14, 8",7.16,0.9284,0.9389,0.9633,0.9509,14.1
jpeg_trace.txt,GShare,"14, 10",7.14,0.9286,0.9397,0.9626,0.9510,14.1
jpeg_trace.txt,GShare,"14, 12",7.05,0.9295,0.9400,0.9636,0.9517,14.0
jpeg_trace.txt,GShare,"14, 14",6.88,0.9312,0.9430,0.9626,0.9527,14.1
jpeg_trace.txt,GShare,"16, 2",7.38,0.9262,0.9348,0.9648,0.9495,14.0
jpeg_trace.txt,GShare,"16, 4",7.53,0.9247,0.9339,0.9635,0.9485,14.0
jpeg_trace.txt,GShare,"16, 6",7.73,0.9227,0.9326,0.9622,0.9472,14.1
jpeg_trace.txt,GShare,"16, 8",7.12,0.9288,0.9390,0.9636,0.9512,14.0
jpeg_trace.txt,GShare,"16, 10",7.10,0.9290,0.9400,0.9629,0.9513,14.1
jpeg_trace.txt,GShare,"16, 12",6.94,0.9306,0.9402,0.9649,0.9524,14.1
jpeg_trace.txt,GShare,"16, 14",6.77,0.9323,0.9437,0.9634,0.9535,14.0
jpeg_trace.txt,GShare,"16, 16",6.58,0.9342,0.9444,0.9655,0.9548,14.0
jpeg_trace.txt,Hybrid,"2, 2, 2, 2",14.99,0.8501,0.8696,0.9315,0.8995,27.4
jpeg_trace.txt,Hybrid,"2, 2, 2, 6",8.54,0.9145,0.9244,0.9599,0.9418,26.8
jpeg_trace.txt,Hybrid,"2, 2, 2, 10",7.81,0.9219,0.9315,0.9623,0.9466,26.7
jpeg_trace.txt,Hybrid,"2, 2, 2, 14",7.63,0.9237,0.9325,0.9638,0.9479,26.7
jpeg_trace.txt,Hybrid,"2, 6, 2, 2",8.99,0.9101,0.9131,0.9672,0.9394,27.4
jpeg_trace.txt,Hybrid,"2, 6, 2, 6",8.04,0.9196,0.9310,0.9595,0.9450,26.9
jpeg_trace.txt,Hybrid,"2, 6, 2, 10",7.60,0.9240,0.9342,0.9622,0.9480,26.9
jpeg_trace.txt,Hybrid,"2, 6, 2, 14",7.44,0.9256,0.9348,0.9638,0.9491,26.9
jpeg_trace.txt,Hybrid,"2, 6, 6, 2",10.62,0.8938,0.8991,0.9602,0.9287,27.2
jpeg_trace.txt,Hybrid,"2, 6, 6, 6",8.32,0.9168,0.9275,0.9594,0.9432,26.6
jpeg_trace.txt,Hybrid,"2, 6, 6, 10",7.68,0.9232,0.9323,0.9632,0.9475,26.6
jpeg_trace.txt,Hybrid,"2, 6, 6, 14",7.52,0.9248,0.9334,0.9643,0.9486,26.6
jpeg_trace.txt,Hybrid,"2, 10, 2, 2",8.16,0.9184,0.9175,0.9742,0.9450,27.5
jpeg_trace.txt,Hybrid,"2, 10, 2, 6",7.66,0.9234,0.9328,0.9630,0.9477,27.1
jpeg_trace.txt,Hybrid,"2, 10, 2, 10",7.44,0.9256,0.9353,0.9632,0.9491,26.9
jpeg_trace.txt,Hybrid,"2, 10, 2, 14",7.33,0.9267,0.9359,0.9642,0.9498,26.7
jpeg_trace.txt,Hybrid,"2, 10, 6, 2",8.62,0.9138,0.9180,0.9666,0.9417,27.6
jpeg_trace.txt,Hybrid,"2, 10, 6, 6",7.82,0.9218,0.9320,0.9615,0.9465,26.8
jpeg_trace.txt,Hybrid,"2, 10, 6, 10",7.51,0.9249,0.9344,0.9633,0.9486,26.6
jpeg_trace.txt,Hybrid,"2, 10, 6, 14",7.34,0.9266,0.9357,0.9642,0.9498,26.5
jpeg_trace.txt,Hybrid,"2, 10, 10, 2",8.41,0.9159,0.9219,0.9649,0.9429,27.5
jpeg_trace.txt,Hybrid,"2, 10, 10, 6",7.74,0.9226,0.9336,0.9608,0.9470,26.6
jpeg_trace.txt,Hybrid,"2, 10, 10, 10",7.39,0.9261,0.9363,0.9629,0.9494,26.6
jpeg_trace.txt,Hybrid,"2, 10, 10, 14",7.32,0.9268,0.9360,0.9642,0.9499,26.4
jpeg_trace.txt,Hybrid,"2, 14, 2, 2",7.70,0.9230,0.9221,0.9755,0.9481,27.7
jpeg_trace.txt,Hybrid,"2, 14, 2, 6",7.44,0.9256,0.9343,0.9645,0.9492,27.2
jpeg_trace.txt,Hybrid,"2, 14, 2, 10",7.32,0.9268,0.9362,0.9641,0.9499,27.0
jpeg_trace.txt,Hybrid,"2, 14, 2, 14",7.32,0.9268,0.9357,0.9646,0.9499,26.7
jpeg_trace.txt,Hybrid,"2, 14, 6, 2",8.05,0.9195,0.9234,0.9685,0.9454,27.5
jpeg_trace.txt,Hybrid,"2, 14, 6, 6",7.62,0.9238,0.9347,0.9613,0.9478,26.9
jpeg_trace.txt,Hybrid,"2, 14, 6, 10",7.39,0.9261,0.9359,0.9633,0.9494,26.6
jpeg_trace.txt,Hybrid,"2, 14, 6, 14",7.30,0.9270,0.9359,0.9646,0.9501,26.4
jpeg_trace.txt,Hybrid,"2, 14, 10, 2",7.55,0.9245,0.9294,0.9688,0.9487,27.5
jpeg_trace.txt,Hybrid,"2, 14, 10, 6",7.25,0.9275,0.9383,0.9627,0.9503,26.8
jpeg_trace.txt,Hybrid,"2, 14, 10, 10",7.12,0.9288,0.9390,0.9638,0.9512,27.0
jpeg_trace.txt,Hybrid,"2, 14, 10, 14",7.05,0.9295,0.9390,0.9647,0.9517,26.4
jpeg_trace.txt,Hybrid,"2, 14, 14, 2",7.20,0.9280,0.9330,0.9697,0.9510,27.5
jpeg_trace.txt,Hybrid,"2, 14, 14, 6",7.08,0.9292,0.9403,0.9627,0.9514,26.9
jpeg_trace.txt,Hybrid,"2, 14, 14, 10",6.96,0.9304,0.9411,0.9637,0.9522,26.6
jpeg_trace.txt,Hybrid,"2, 14, 14, 14",6.98,0.9302,0.9393,0.9655,0.9522,26.6
jpeg_trace.txt,Hybrid,"6, 2, 2, 2",9.10,0.9090,0.9163,0.9613,0.9383,27.5
jpeg_trace.txt,Hybrid,"6, 2, 2, 6",8.72,0.9128,0.9230,0.9589,0.9406,27.2
jpeg_trace.txt,Hybrid,"6, 2, 2, 10",7.84,0.9216,0.9313,0.9620,0.9464,27.0
jpeg_trace.txt,Hybrid,"6, 2, 2, 14",7.46,0.9254,0.9359,0.9622,0.9489,27.1
jpeg_trace.txt,Hybrid,"6, 6, 2, 2",8.50,0.9150,0.9254,0.9593,0.9420,27.7
jpeg_trace.txt,Hybrid,"6, 6, 2, 6",7.88,0.9212,0.9319,0.9607,0.9461,27.2
jpeg_trace.txt,Hybrid,"6, 6, 2, 10",7.43,0.9257,0.9357,0.9630,0.9492,27.1
jpeg_trace.txt,Hybrid,"6, 6, 2, 14",7.36,0.9264,0.9360,0.9636,0.9496,26.9
jpeg_trace.txt,Hybrid,"6, 6, 6, 2",8.43,0.9157,0.9247,0.9611,0.9426,27.5
jpeg_trace.txt,Hybrid,"6, 6, 6, 6",8.26,0.9174,0.9277,0.9602,0.9437,26.9
jpeg_trace.txt,Hybrid,"6, 6, 6, 10",7.62,0.9238,0.9335,0.9627,0.9479,26.7
jpeg_trace.txt,Hybrid,"6, 6, 6, 14",7.41,0.9259,0.9356,0.9634,0.9493,26.7
jpeg_trace.txt,Hybrid,"6, 10, 2, 2",7.85,0.9215,0.9311,0.9622,0.9464,28.0
jpeg_trace.txt,Hybrid,"6, 10, 2, 6",7.43,0.9257,0.9350,0.9638,0.9492,27.4
jpeg_trace.txt,Hybrid,"6, 10, 2, 10",7.41,0.9259,0.9349,0.9642,0.9494,27.0
jpeg_trace.txt,Hybrid,"6, 10, 2, 14",7.26,0.9274,0.9365,0.9645,0.9503,26.5
jpeg_trace.txt,Hybrid,"6, 10, 6, 2",7.87,0.9213,0.9308,0.9621,0.9462,27.6
jpeg_trace.txt,Hybrid,"6, 10, 6, 6",7.56,0.9244,0.9338,0.9633,0.9483,27.3
jpeg_trace.txt,Hybrid,"6, 10, 6, 10",7.32,0.9268,0.9366,0.9635,0.9499,26.8
jpeg_trace.txt,Hybrid,"6, 10, 6, 14",7.20,0.9280,0.9372,0.9647,0.9507,26.7
jpeg_trace.txt,Hybrid,"6, 10, 10, 2",7.71,0.9229,0.9338,0.9610,0.9472,27.5
jpeg_trace.txt,Hybrid,"6, 10, 10, 6",7.33,0.9267,0.9376,0.9622,0.9497,27.2
jpeg_trace.txt,Hybrid,"6, 10, 10, 10",7.21,0.9279,0.9381,0.9634,0.9506,26.8
jpeg_trace.txt,Hybrid,"6, 10, 10, 14",7.19,0.9281,0.9376,0.9643,0.9508,26.6
jpeg_trace.txt,Hybrid,"6, 14, 2, 2",7.42,0.9258,0.9347,0.9644,0.9493,27.8
jpeg_trace.txt,Hybrid,"6, 14, 2, 6",7.39,0.9261,0.9348,0.9646,0.9495,27.5
jpeg_trace.txt,Hybrid,"6, 14, 2, 10",7.24,0.9276,0.9366,0.9647,0.9505,27.0
jpeg_trace.txt,Hybrid,"6, 14, 2, 14",7.26,0.9274,0.9367,0.9644,0.9503,26.5
jpeg_trace.txt,Hybrid,"6, 14, 6, 2",7.60,0.9240,0.9346,0.9618,0.9480,27.8
jpeg_trace.txt,Hybrid,"6, 14, 6, 6",7.37,0.9263,0.9352,0.9646,0.9496,27.2
jpeg_trace.txt,Hybrid,"6, 14, 6, 10",7.20,0.9280,0.9372,0.9646,0.9507,26.7
jpeg_trace.txt,Hybrid,"6, 14, 6, 14",7.09,0.9291,0.9380,0.9653,0.9514,26.6
jpeg_trace.txt,Hybrid,"6, 14, 10, 2",7.07,0.9293,0.9404,0.9628,0.9515,27.8
jpeg_trace.txt,Hybrid,"6, 14, 10, 6",6.94,0.9306,0.9415,0.9634,0.9523,27.1
jpeg_trace.txt,Hybrid,"6, 14, 10, 10",6.89,0.9311,0.9416,0.9641,0.9527,26.7
jpeg_trace.txt,Hybrid,"6, 14, 10, 14",6.98,0.9302,0.9400,0.9646,0.9521,26.5
jpeg_trace.txt,Hybrid,"6, 14, 14, 2",6.86,0.9314,0.9430,0.9630,0.9529,27.6
jpeg_trace.txt,Hybrid,"6, 14, 14, 6",6.85,0.9315,0.9430,0.9631,0.9529,27.1
jpeg_trace.txt,Hybrid,"6, 14, 14, 10",6.65,0.9335,0.9444,0.9644,0.9543,26.7
jpeg_trace.txt,Hybrid,"6, 14, 14, 14",6.79,0.9321,0.9421,0.9650,0.9534,26.4
jpeg_trace.txt,Hybrid,"10, 2, 2, 2",8.04,0.9196,0.9240,0.9678,0.9454,28.3
jpeg_trace.txt,Hybrid,"10, 2, 2, 6",8.25,0.9175,0.9246,0.9640,0.9439,27.1
jpeg_trace.txt,Hybrid,"10, 2, 2, 10",8.05,0.9195,0.9247,0.9669,0.9453,27.0
jpeg_trace.txt,Hybrid,"10, 2, 2, 14",7.48,0.9252,0.9359,0.9619,0.9487,26.9
jpeg_trace.txt,Hybrid,"10, 6, 2, 2",7.78,0.9222,0.9349,0.9587,0.9467,28.0
jpeg_trace.txt,Hybrid,"10, 6, 2, 6",7.62,0.9238,0.9342,0.9619,0.9479,27.3
jpeg_trace.txt,Hybrid,"10, 6, 2, 10",7.45,0.9255,0.9347,0.9638,0.9490,27.0
jpeg_trace.txt,Hybrid,"10, 6, 2, 14",7.25,0.9275,0.9365,0.9647,0.9504,26.8
jpeg_trace.txt,Hybrid,"10, 6, 6, 2",7.92,0.9208,0.9297,0.9628,0.9460,28.0
jpeg_trace.txt,Hybrid,"10, 6, 6, 6",7.77,0.9223,0.9318,0.9625,0.9469,26.9
jpeg_trace.txt,Hybrid,"10, 6, 6, 10",7.66,0.9234,0.9323,0.9636,0.9477,26.8
jpeg_trace.txt,Hybrid,"10, 6, 6, 14",7.27,0.9273,0.9370,0.9638,0.9502,26.6
jpeg_trace.txt,Hybrid,"10, 10, 2, 2",7.67,0.9233,0.9374,0.9574,0.9473,27.9
jpeg_trace.txt,Hybrid,"10, 10, 2, 6",7.36,0.9264,0.9361,0.9635,0.9496,27.4
jpeg_trace.txt,Hybrid,"10, 10, 2, 10",7.35,0.9265,0.9360,0.9638,0.9497,26.7
jpeg_trace.txt,Hybrid,"10, 10, 2, 14",7.24,0.9276,0.9365,0.9648,0.9504,26.4
jpeg_trace.txt,Hybrid,"10, 10, 6, 2",7.64,0.9236,0.9344,0.9613,0.9477,27.8
jpeg_trace.txt,Hybrid,"10, 10, 6, 6",7.36,0.9264,0.9351,0.9647,0.9497,27.2
jpeg_trace.txt,Hybrid,"10, 10, 6, 10",7.31,0.9269,0.9358,0.9646,0.9500,26.8
jpeg_trace.txt,Hybrid,"10, 10, 6, 14",7.18,0.9282,0.9372,0.9649,0.9509,26.5
jpeg_trace.txt,Hybrid,"10, 10, 10, 2",7.34,0.9266,0.9383,0.9612,0.9496,27.8
jpeg_trace.txt,Hybrid,"10, 10, 10, 6",7.25,0.9275,0.9379,0.9630,0.9503,26.9
jpeg_trace.txt,Hybrid,"10, 10, 10, 10",7.14,0.9286,0.9387,0.9637,0.9511,26.8
jpeg_trace.txt,Hybrid,"10, 10, 10, 14",7.15,0.9285,0.9376,0.9649,0.9511,26.5
jpeg_trace.txt,Hybrid,"10, 14, 2, 2",7.76,0.9224,0.9350,0.9589,0.9468,27.9
jpeg_trace.txt,Hybrid,"10, 14, 2, 6",7.31,0.9269,0.9368,0.9635,0.9499,27.4
jpeg_trace.txt,Hybrid,"10, 14, 2, 10",7.30,0.9270,0.9361,0.9644,0.9500,26.7
jpeg_trace.txt,Hybrid,"10, 14, 2, 14",7.24,0.9276,0.9365,0.9649,0.9505,26.4
jpeg_trace.txt,Hybrid,"10, 14, 6, 2",7.40,0.9260,0.9368,0.9622,0.9493,28.2
jpeg_trace.txt,Hybrid,"10, 14, 6, 6",7.20,0.9280,0.9367,0.9652,0.9507,27.8
jpeg_trace.txt,Hybrid,"10, 14, 6, 10",7.25,0.9275,0.9362,0.9651,0.9504,27.3
jpeg_trace.txt,Hybrid,"10, 14, 6, 14",7.16,0.9284,0.9373,0.9652,0.9510,27.1
jpeg_trace.txt,Hybrid,"10, 14, 10, 2",7.06,0.9294,0.9423,0.9608,0.9515,28.5
jpeg_trace.txt,Hybrid,"10, 14, 10, 6",6.91,0.9309,0.9422,0.9631,0.9525,27.6
jpeg_trace.txt,Hybrid,"10, 14, 10, 10",7.06,0.9294,0.9396,0.9640,0.9516,27.1
jpeg_trace.txt,Hybrid,"10, 14, 10, 14",7.08,0.9292,0.9391,0.9641,0.9514,26.8
jpeg_trace.txt,Hybrid,"10, 14, 14, 2",6.72,0.9328,0.9472,0.9602,0.9537,27.9
jpeg_trace.txt,Hybrid,"10, 14, 14, 6",6.66,0.9334,0.9451,0.9635,0.9542,27.0
jpeg_trace.txt,Hybrid,"10, 14, 14, 10",6.80,0.9320,0.9423,0.9646,0.9533,26.8
jpeg_trace.txt,Hybrid,"10, 14, 14, 14",6.93,0.9307,0.9398,0.9656,0.9525,26.3
jpeg_trace.txt,YehPatt,"2, 2",13.24,0.8676,0.8895,0.9319,0.9102,16.0
jpeg_trace.txt,YehPatt,"2, 4",12.77,0.8723,0.8938,0.9336,0.9133,15.9
jpeg_trace.txt,YehPatt,"2, 6",10.71,0.8929,0.8995,0.9583,0.9280,15.9
jpeg_trace.txt,YehPatt,"2, 8",10.28,0.8972,0.9070,0.9553,0.9305,15.9
jpeg_trace.txt,YehPatt,"2, 10",9.85,0.9015,0.9127,0.9546,0.9332,16.0
jpeg_trace.txt,YehPatt,"4, 2",12.46,0.8754,0.8964,0.9351,0.9153,15.9
jpeg_trace.txt,YehPatt,"4, 4",10.17,0.8983,0.9081,0.9554,0.9312,15.9
jpeg_trace.txt,YehPatt,"4, 6",9.77,0.9023,0.9146,0.9534,0.9336,15.9
jpeg_trace.txt,YehPatt,"4, 8",9.42,0.9058,0.9223,0.9491,0.9355,15.9
jpeg_trace.txt,YehPatt,"4, 10",9.06,0.9094,0.9264,0.9497,0.9379,16.1
jpeg_trace.txt,YehPatt,"6, 2",8.72,0.9128,0.9116,0.9734,0.9415,15.9
jpeg_trace.txt,YehPatt,"6, 4",8.36,0.9164,0.9215,0.9662,0.9433,15.8
jpeg_trace.txt,YehPatt,"6, 6",8.14,0.9186,0.9264,0.9636,0.9446,15.9
jpeg_trace.txt,YehPatt,"6, 8",7.86,0.9214,0.9334,0.9592,0.9462,15.9
jpeg_trace.txt,YehPatt,"6, 10",7.59,0.9241,0.9377,0.9583,0.9479,15.9
jpeg_trace.txt,YehPatt,"8, 2",8.22,0.9178,0.9154,0.9761,0.9448,15.9
jpeg_trace.txt,YehPatt,"8, 4",7.93,0.9207,0.9257,0.9675,0.9461,15.9
jpeg_trace.txt,YehPatt,"8, 6",7.72,0.9228,0.9306,0.9646,0.9473,15.8
jpeg_trace.txt,YehPatt,"8, 8",7.49,0.9251,0.9371,0.9604,0.9486,15.9
jpeg_trace.txt,YehPatt,"8, 10",7.21,0.9279,0.9412,0.9599,0.9504,15.9
jpeg_trace.txt,YehPatt,"10, 2",8.15,0.9185,0.9159,0.9764,0.9452,15.9
jpeg_trace.txt,YehPatt,"10, 4",7.84,0.9216,0.9264,0.9680,0.9467,16.0
jpeg_trace.txt,YehPatt,"10, 6",7.64,0.9236,0.9314,0.9650,0.9479,15.9
jpeg_trace.txt,YehPatt,"10, 8",7.34,0.9266,0.9386,0.9609,0.9496,15.9
jpeg_trace.txt,YehPatt,"10, 10",7.08,0.9293,0.9425,0.9603,0.9513,16.0
jpeg_trace.txt,YehPatt,"12, 2",8.08,0.9192,0.9164,0.9768,0.9456,15.9
jpeg_trace.txt,YehPatt,"12, 4",7.74,0.9226,0.9274,0.9683,0.9474,15.9
jpeg_trace.txt,YehPatt,"12, 6",7.51,0.9249,0.9326,0.9655,0.9487,15.9
jpeg_trace.txt,YehPatt,"12, 8",7.22,0.9278,0.9400,0.9610,0.9504,15.9
jpeg_trace.txt,YehPatt,"12, 10",6.94,0.9306,0.9438,0.9608,0.9522,16.0
jpeg_trace.txt,YehPatt,"14, 2",8.07,0.9193,0.9165,0.9768,0.9457,16.0
jpeg_trace.txt,YehPatt,"14, 4",7.73,0.9227,0.9275,0.9683,0.9475,16.0
jpeg_trace.txt,YehPatt,"14, 6",7.50,0.9250,0.9327,0.9655,0.9488,15.9
jpeg_trace.txt,YehPatt,"14, 8",7.21,0.9279,0.9401,0.9611,0.9505,15.9
jpeg_trace.txt,YehPatt,"14, 10",6.93,0.9307,0.9440,0.9608,0.9523,16.0
jpeg_trace.txt,YehPatt,"16, 2",8.07,0.9193,0.9166,0.9768,0.9457,15.9
jpeg_trace.txt,YehPatt,"16, 4",7.73,0.9227,0.9275,0.9683,0.9475,15.9
jpeg_trace.txt,YehPatt,"16, 6",7.50,0.9250,0.9327,0.9655,0.9488,15.9
jpeg_trace.txt,YehPatt,"16, 8",7.21,0.9279,0.9401,0.9611,0.9505,15.9
jpeg_trace.txt,YehPatt,"16, 10",6.92,0.9308,0.9440,0.9609,0.9523,16.0
jpeg_trace.txt,TAGE,"2",28.22,0.7178,0.7540,0.9025,0.8216,19.3
jpeg_trace.txt,TAGE,"4",11.70,0.8830,0.9070,0.9332,0.9199,19.6
jpeg_trace.txt,TAGE,"6",8.68,0.9132,0.9200,0.9632,0.9411,18.5
jpeg_trace.txt,TAGE,"8",8.18,0.9182,0.9234,0.9666,0.9445,18.7
jpeg_trace.txt,TAGE,"10",8.28,0.9172,0.9236,0.9649,0.9438,18.8
jpeg_trace.txt,TAGE,"12",8.18,0.9182,0.9245,0.9653,0.9445,18.7
jpeg_trace.txt,TAGE,"14",8.26,0.9174,0.9232,0.9657,0.9440,18.6
jpeg_trace.txt,TAGE,"16",8.18,0.9182,0.9238,0.9660,0.9444,18.7
perl_trace.txt,Smith,"1",47.66,0.5234,0.5418,0.5418,0.5418,12.3
perl_trace.txt,Smith,"2",47.98,0.5202,0.5410,0.5117,0.5259,12.5
perl_trace.txt,Smith,"3",48.65,0.5135,0.5299,0.5725,0.5504,12.5
perl_trace.txt,Smith,"4",46.74,0.5326,0.5474,0.5859,0.5660,12.6
perl_trace.txt,Smith,"5",47.55,0.5245,0.5401,0.5775,0.5582,12.5
perl_trace.txt,Bimodal,"2",39.78,0.6022,0.6072,0.6662,0.6353,12.6
perl_trace.txt,Bimodal,"4",36.20,0.6380,0.6443,0.6787,0.6610,12.6
perl_trace.txt,Bimodal,"6",24.96,0.7504,0.7445,0.7919,0.7675,12.4
perl_trace.txt,Bimodal,"8",16.17,0.8383,0.8384,0.8538,0.8460,12.3
perl_trace.txt,Bimodal,"10",11.62,0.8838,0.8768,0.9036,0.8900,12.3
perl_trace.txt,Bimodal,"12",8.94,0.9106,0.9065,0.9233,0.9148,12.3
perl_trace.txt,Bimodal,"14",8.70,0.9130,0.9067,0.9282,0.9173,12.3
perl_trace.txt,Bimodal,"16",8.71,0.9129,0.9065,0.9282,0.9173,12.3
perl_trace.txt,GShare,"2, 2",43.03,0.5697,0.5856,0.5907,0.5882,14.4
perl_trace.txt,GShare,"4, 2",37.92,0.6208,0.6278,0.6658,0.6462,14.3
perl_trace.txt,GShare,"4, 4",40.97,0.5903,0.5998,0.6379,0.6183,14.4
perl_trace.txt,GShare,"6, 2",28.88,0.7112,0.7226,0.7218,0.7222,14.3
perl_trace.txt,GShare,"6, 4",31.37,0.6863,0.6981,0.6992,0.6987,14.3
perl_trace.txt,GShare,"6, 6",33.71,0.6629,0.6729,0.6848,0.6788,14.3
perl_trace.txt,GShare,"8, 2",17.47,0.8253,0.8309,0.8338,0.8323,14.2
perl_trace.txt,GShare,"8, 4",19.00,0.8100,0.8264,0.8033,0.8147,14.2
perl_trace.txt,GShare,"8, 6",22.63,0.7737,0.7761,0.7938,0.7849,14.3
perl_trace.txt,GShare,"8, 8",23.39,0.7661,0.7723,0.7804,0.7763,14.2
perl_trace.txt,GShare,"10, 2",11.52,0.8848,0.8799,0.9017,0.8906,14.2
perl_trace.txt,GShare,"10, 4",13.19,0.8681,0.8768,0.8684,0.8726,14.1
perl_trace.txt,GShare,"10, 6",13.78,0.8622,0.8631,0.8736,0.8683,14.1
perl_trace.txt,GShare,"10, 8",12.64,0.8736,0.8712,0.8885,0.8797,14.1
perl_trace.txt,GShare,"10, 10",13.66,0.8634,0.8634,0.8760,0.8697,14.1
perl_trace.txt,GShare,"12, 2",8.83,0.9117,0.9037,0.9293,0.9163,14.1
perl_trace.txt,GShare,"12, 4",9.42,0.9058,0.9004,0.9207,0.9104,14.0
perl_trace.txt,GShare,"12, 6",10.00,0.9000,0.8981,0.9111,0.9046,14.1
perl_trace.txt,GShare,"12, 8",6.97,0.9303,0.9286,0.9382,0.9334,14.1
perl_trace.txt,GShare,"12, 10",6.42,0.9358,0.9386,0.9378,0.9382,14.1
perl_trace.txt,GShare,"12, 12",6.88,0.9312,0.9271,0.9417,0.9343,14.1
perl_trace.txt,GShare,"14, 2",8.61,0.9139,0.9049,0.9324,0.9184,14.1
perl_trace.txt,GShare,"14, 4",8.93,0.9107,0.8999,0.9319,0.9156,14.2
perl_trace.txt,GShare,"14, 6",8.65,0.9135,0.9076,0.9282,0.9178,14.2
perl_trace.txt,GShare,"14, 8",5.62,0.9438,0.9392,0.9537,0.9464,14.0
perl_trace.txt,GShare,"14, 10",4.86,0.9514,0.9491,0.9579,0.9535,14.0
perl_trace.txt,GShare,"14, 12",4.20,0.9580,0.9541,0.9656,0.9598,14.0
perl_trace.txt,GShare,"14, 14",3.55,0.9645,0.9619,0.9702,0.9660,14.0
perl_trace.txt,GShare,"16, 2",8.63,0.9137,0.9046,0.9325,0.9183,14.2
perl_trace.txt,GShare,"16, 4",8.86,0.9114,0.9004,0.9328,0.9163,14.1
perl_trace.txt,GShare,"16, 6",8.01,0.9199,0.9201,0.9264,0.9232,14.1
perl_trace.txt,GShare,"16, 8",5.14,0.9486,0.9428,0.9593,0.9510,14.1
perl_trace.txt,GShare,"16, 10",3.98,0.9602,0.9555,0.9686,0.9620,14.0
perl_trace.txt,GShare,"16, 12",3.74,0.9626,0.9576,0.9711,0.9643,13.9
perl_trace.txt,GShare,"16, 14",2.85,0.9715,0.9669,0.9787,0.9728,14.0
perl_trace.txt,GShare,"16, 16",2.80,0.9720,0.9661,0.9807,0.9733,14.0
perl_trace.txt,Hybrid,"2, 2, 2, 2",40.11,0.5989,0.6067,0.6505,0.6278,27.9
perl_trace.txt,Hybrid,"2, 2, 2, 6",27.46,0.7254,0.7250,0.7605,0.7423,27.4
perl_trace.txt,Hybrid,"2, 2, 2, 10",12.13,0.8787,0.8704,0.9010,0.8854,26.9
perl_trace.txt,Hybrid,"2, 2, 2, 14",9.02,0.9098,0.9024,0.9267,0.9144,26.8
perl_trace.txt,Hybrid,"2, 6, 2, 2",30.70,0.6930,0.7050,0.7046,0.7048,28.1
perl_trace.txt,Hybrid,"2, 6, 2, 6",24.77,0.7523,0.7534,0.7786,0.7658,27.5
perl_trace.txt,Hybrid,"2, 6, 2, 10",11.61,0.8839,0.8782,0.9018,0.8899,26.9
perl_trace.txt,Hybrid,"2, 6, 2, 14",9.09,0.9091,0.8981,0.9308,0.9142,27.0
perl_trace.txt,Hybrid,"2, 6, 6, 2",34.05,0.6595,0.6600,0.7121,0.6851,27.9
perl_trace.txt,Hybrid,"2, 6, 6, 6",24.57,0.7543,0.7593,0.7726,0.7659,27.4
perl_trace.txt,Hybrid,"2, 6, 6, 10",11.24,0.8876,0.8823,0.9044,0.8932,26.9
perl_trace.txt,Hybrid,"2, 6, 6, 14",8.52,0.9148,0.9074,0.9312,0.9191,27.0
perl_trace.txt,Hybrid,"2, 10, 2, 2",12.28,0.8772,0.8722,0.8951,0.8835,28.1
perl_trace.txt,Hybrid,"2, 10, 2, 6",12.08,0.8792,0.8708,0.9016,0.8859,27.6
perl_trace.txt,Hybrid,"2, 10, 2, 10",9.75,0.9025,0.9001,0.9141,0.9070,27.1
perl_trace.txt,Hybrid,"2, 10, 2, 14",8.48,0.9152,0.9049,0.9352,0.9198,26.6
perl_trace.txt,Hybrid,"2, 10, 6, 2",14.69,0.8531,0.8506,0.8705,0.8604,28.0
perl_trace.txt,Hybrid,"2, 10, 6, 6",14.92,0.8508,0.8497,0.8664,0.8580,27.7
perl_trace.txt,Hybrid,"2, 10, 6, 10",9.50,0.9050,0.8972,0.9231,0.9100,27.1
perl_trace.txt,Hybrid,"2, 10, 6, 14",7.33,0.9267,0.9145,0.9477,0.9308,26.8
perl_trace.txt,Hybrid,"2, 10, 10, 2",14.81,0.8519,0.8519,0.8658,0.8588,27.8
perl_trace.txt,Hybrid,"2, 10, 10, 6",13.90,0.8610,0.8650,0.8683,0.8666,27.6
perl_trace.txt,Hybrid,"2, 10, 10, 10",8.05,0.9195,0.9165,0.9299,0.9231,27.0
perl_trace.txt,Hybrid,"2, 10, 10, 14",6.72,0.9328,0.9256,0.9470,0.9362,26.9
perl_trace.txt,Hybrid,"2, 14, 2, 2",9.04,0.9096,0.9028,0.9260,0.9142,28.0
perl_trace.txt,Hybrid,"2, 14, 2, 6",8.85,0.9115,0.9032,0.9295,0.9162,27.6
perl_trace.txt,Hybrid,"2, 14, 2, 10",8.41,0.9159,0.9106,0.9297,0.9200,27.2
perl_trace.txt,Hybrid,"2, 14, 2, 14",8.00,0.9200,0.9117,0.9369,0.9241,26.6
perl_trace.txt,Hybrid,"2, 14, 6, 2",8.94,0.9106,0.9016,0.9296,0.9154,27.8
perl_trace.txt,Hybrid,"2, 14, 6, 6",8.68,0.9132,0.9110,0.9233,0.9171,27.5
perl_trace.txt,Hybrid,"2, 14, 6, 10",7.85,0.9215,0.9129,0.9387,0.9256,27.0
perl_trace.txt,Hybrid,"2, 14, 6, 14",6.32,0.9368,0.9257,0.9551,0.9402,26.9
perl_trace.txt,Hybrid,"2, 14, 10, 2",4.94,0.9506,0.9491,0.9564,0.9527,27.8
perl_trace.txt,Hybrid,"2, 14, 10, 6",5.02,0.9498,0.9465,0.9577,0.9520,27.5
perl_trace.txt,Hybrid,"2, 14, 10, 10",4.86,0.9514,0.9481,0.9589,0.9535,27.1
perl_trace.txt,Hybrid,"2, 14, 10, 14",4.48,0.9552,0.9484,0.9664,0.9573,26.8
perl_trace.txt,Hybrid,"2, 14, 14, 2",3.64,0.9636,0.9612,0.9691,0.9651,27.7
perl_trace.txt,Hybrid,"2, 14, 14, 6",3.79,0.9621,0.9599,0.9676,0.9637,27.5
perl_trace.txt,Hybrid,"2, 14, 14, 10",3.98,0.9602,0.9563,0.9678,0.9620,27.1
perl_trace.txt,Hybrid,"2, 14, 14, 14",3.74,0.9626,0.9585,0.9701,0.9643,26.9
perl_trace.txt,Hybrid,"6, 2, 2, 2",30.18,0.6982,0.7043,0.7235,0.7137,27.8
perl_trace.txt,Hybrid,"6, 2, 2, 6",27.38,0.7262,0.7406,0.7288,0.7347,27.7
perl_trace.txt,Hybrid,"6, 2, 2, 10",13.03,0.8697,0.8718,0.8786,0.8752,27.3
perl_trace.txt,Hybrid,"6, 2, 2, 14",8.91,0.9109,0.9048,0.9262,0.9154,26.9
perl_trace.txt,Hybrid,"6, 6, 2, 2",24.06,0.7594,0.7618,0.7818,0.7717,27.8
perl_trace.txt,Hybrid,"6, 6, 2, 6",21.18,0.7882,0.7877,0.8115,0.7994,27.6
perl_trace.txt,Hybrid,"6, 6, 2, 10",11.57,0.8843,0.8727,0.9104,0.8911,27.0
perl_trace.txt,Hybrid,"6, 6, 2, 14",8.78,0.9122,0.8973,0.9386,0.9175,27.0
perl_trace.txt,Hybrid,"6, 6, 6, 2",22.69,0.7731,0.7723,0.7996,0.7857,27.6
perl_trace.txt,Hybrid,"6, 6, 6, 6",21.23,0.7877,0.7870,0.8113,0.7990,27.5
perl_trace.txt,Hybrid,"6, 6, 6, 10",10.48,0.8952,0.8868,0.9154,0.9009,27.0
perl_trace.txt,Hybrid,"6, 6, 6, 14",7.29,0.9271,0.9195,0.9422,0.9308,27.1
perl_trace.txt,Hybrid,"6, 10, 2, 2",10.76,0.8924,0.8881,0.9073,0.8976,27.8
perl_trace.txt,Hybrid,"6, 10, 2, 6",11.51,0.8849,0.8810,0.9004,0.8906,27.6
perl_trace.txt,Hybrid,"6, 10, 2, 10",9.57,0.9043,0.8967,0.9222,0.9093,27.1
perl_trace.txt,Hybrid,"6, 10, 2, 14",8.16,0.9184,0.9079,0.9383,0.9229,26.8
perl_trace.txt,Hybrid,"6, 10, 6, 2",11.35,0.8865,0.8822,0.9022,0.8921,27.7
perl_trace.txt,Hybrid,"6, 10, 6, 6",11.67,0.8833,0.8772,0.9018,0.8894,27.7
perl_trace.txt,Hybrid,"6, 10, 6, 10",8.36,0.9164,0.9089,0.9328,0.9207,27.1
perl_trace.txt,Hybrid,"6, 10, 6, 14",6.09,0.9391,0.9269,0.9584,0.9424,27.0
perl_trace.txt,Hybrid,"6, 10, 10, 2",11.93,0.8807,0.8767,0.8967,0.8866,27.5
perl_trace.txt,Hybrid,"6, 10, 10, 6",12.13,0.8787,0.8786,0.8897,0.8841,27.6
perl_trace.txt,Hybrid,"6, 10, 10, 10",6.82,0.9318,0.9236,0.9471,0.9352,27.1
perl_trace.txt,Hybrid,"6, 10, 10, 14",5.16,0.9484,0.9396,0.9627,0.9510,26.9
perl_trace.txt,Hybrid,"6, 14, 2, 2",8.96,0.9104,0.8984,0.9332,0.9155,27.9
perl_trace.txt,Hybrid,"6, 14, 2, 6",8.94,0.9106,0.9022,0.9287,0.9153,27.7
perl_trace.txt,Hybrid,"6, 14, 2, 10",7.98,0.9202,0.9103,0.9390,0.9244,27.2
perl_trace.txt,Hybrid,"6, 14, 2, 14",7.86,0.9214,0.9097,0.9425,0.9258,26.8
perl_trace.txt,Hybrid,"6, 14, 6, 2",8.46,0.9154,0.9139,0.9245,0.9192,27.8
perl_trace.txt,Hybrid,"6, 14, 6, 6",8.51,0.9149,0.9113,0.9266,0.9189,27.7
perl_trace.txt,Hybrid,"6, 14, 6, 10",7.09,0.9291,0.9187,0.9475,0.9329,27.1
perl_trace.txt,Hybrid,"6, 14, 6, 14",5.74,0.9426,0.9297,0.9625,0.9458,27.1
perl_trace.txt,Hybrid,"6, 14, 10, 2",4.84,0.9516,0.9485,0.9591,0.9537,27.6
perl_trace.txt,Hybrid,"6, 14, 10, 6",5.59,0.9441,0.9333,0.9612,0.9470,27.6
perl_trace.txt,Hybrid,"6, 14, 10, 10",4.63,0.9537,0.9429,0.9696,0.9561,27.1
perl_trace.txt,Hybrid,"6, 14, 10, 14",4.14,0.9586,0.9478,0.9741,0.9608,26.9
perl_trace.txt,Hybrid,"6, 14, 14, 2",4.25,0.9575,0.9568,0.9617,0.9592,27.5
perl_trace.txt,Hybrid,"6, 14, 14, 6",4.39,0.9561,0.9467,0.9703,0.9583,27.7
perl_trace.txt,Hybrid,"6, 14, 14, 10",3.91,0.9609,0.9513,0.9747,0.9629,27.1
perl_trace.txt,Hybrid,"6, 14, 14, 14",3.98,0.9602,0.9479,0.9772,0.9623,26.7
perl_trace.txt,Hybrid,"10, 2, 2, 2",12.32,0.8768,0.8747,0.8908,0.8827,28.3
perl_trace.txt,Hybrid,"10, 2, 2, 6",15.84,0.8416,0.8246,0.8835,0.8530,27.8
perl_trace.txt,Hybrid,"10, 2, 2, 10",14.10,0.8590,0.8533,0.8804,0.8666,27.3
perl_trace.txt,Hybrid,"10, 2, 2, 14",9.70,0.9030,0.9066,0.9069,0.9068,27.0
perl_trace.txt,Hybrid,"10, 6, 2, 2",12.34,0.8766,0.8912,0.8688,0.8798,28.3
perl_trace.txt,Hybrid,"10, 6, 2, 6",12.38,0.8762,0.8717,0.8934,0.8824,27.7
perl_trace.txt,Hybrid,"10, 6, 2, 10",10.00,0.9000,0.9053,0.9022,0.9037,27.2
perl_trace.txt,Hybrid,"10, 6, 2, 14",8.28,0.9172,0.9194,0.9215,0.9205,27.1
perl_trace.txt,Hybrid,"10, 6, 6, 2",11.94,0.8806,0.8874,0.8823,0.8849,28.3
perl_trace.txt,Hybrid,"10, 6, 6, 6",14.06,0.8594,0.8474,0.8899,0.8681,27.5
perl_trace.txt,Hybrid,"10, 6, 6, 10",11.07,0.8893,0.8817,0.9091,0.8952,27.2
perl_trace.txt,Hybrid,"10, 6, 6, 14",7.58,0.9242,0.9126,0.9448,0.9284,26.9
perl_trace.txt,Hybrid,"10, 10, 2, 2",11.82,0.8818,0.9230,0.8431,0.8813,27.8
perl_trace.txt,Hybrid,"10, 10, 2, 6",9.86,0.9014,0.9012,0.9101,0.9056,27.6
perl_trace.txt,Hybrid,"10, 10, 2, 10",9.87,0.9013,0.8922,0.9216,0.9067,27.0
perl_trace.txt,Hybrid,"10, 10, 2, 14",7.85,0.9215,0.9133,0.9380,0.9255,26.8
perl_trace.txt,Hybrid,"10, 10, 6, 2",8.72,0.9128,0.9304,0.8997,0.9148,27.9
perl_trace.txt,Hybrid,"10, 10, 6, 6",8.63,0.9137,0.9065,0.9300,0.9181,27.5
perl_trace.txt,Hybrid,"10, 10, 6, 10",8.12,0.9188,0.9062,0.9414,0.9235,27.0
perl_trace.txt,Hybrid,"10, 10, 6, 14",6.13,0.9387,0.9246,0.9605,0.9422,26.7
perl_trace.txt,Hybrid,"10, 10, 10, 2",7.09,0.9291,0.9428,0.9194,0.9310,27.9
perl_trace.txt,Hybrid,"10, 10, 10, 6",7.86,0.9214,0.9180,0.9320,0.9250,27.5
perl_trace.txt,Hybrid,"10, 10, 10, 10",6.19,0.9381,0.9338,0.9483,0.9410,27.0
perl_trace.txt,Hybrid,"10, 10, 10, 14",4.30,0.9570,0.9472,0.9714,0.9591,26.9
perl_trace.txt,Hybrid,"10, 14, 2, 2",9.34,0.9066,0.9271,0.8905,0.9084,28.0
perl_trace.txt,Hybrid,"10, 14, 2, 6",8.45,0.9155,0.9139,0.9246,0.9193,27.7
perl_trace.txt,Hybrid,"10, 14, 2, 10",8.45,0.9155,0.9053,0.9353,0.9200,27.1
perl_trace.txt,Hybrid,"10, 14, 2, 14",7.80,0.9220,0.9130,0.9395,0.9261,26.8
perl_trace.txt,Hybrid,"10, 14, 6, 2",6.75,0.9325,0.9463,0.9227,0.9343,27.8
perl_trace.txt,Hybrid,"10, 14, 6, 6",7.10,0.9290,0.9270,0.9373,0.9321,27.7
perl_trace.txt,Hybrid,"10, 14, 6, 10",7.52,0.9248,0.9172,0.9403,0.9286,27.2
perl_trace.txt,Hybrid,"10, 14, 6, 14",6.01,0.9399,0.9232,0.9646,0.9435,26.8
perl_trace.txt,Hybrid,"10, 14, 10, 2",4.58,0.9542,0.9653,0.9459,0.9555,27.8
perl_trace.txt,Hybrid,"10, 14, 10, 6",5.39,0.9461,0.9449,0.9520,0.9484,27.5
perl_trace.txt,Hybrid,"10, 14, 10, 10",4.91,0.9509,0.9469,0.9593,0.9531,27.0
perl_trace.txt,Hybrid,"10, 14, 10, 14",3.73,0.9627,0.9531,0.9763,0.9646,26.9
perl_trace.txt,Hybrid,"10, 14, 14, 2",3.59,0.9641,0.9725,0.9581,0.9652,27.8
perl_trace.txt,Hybrid,"10, 14, 14, 6",3.86,0.9614,0.9623,0.9635,0.9629,27.7
perl_trace.txt,Hybrid,"10, 14, 14, 10",4.33,0.9567,0.9464,0.9717,0.9589,27.0
perl_trace.txt,Hybrid,"10, 14, 14, 14",3.54,0.9646,0.9540,0.9791,0.9664,26.8
perl_trace.txt,YehPatt,"2, 2",43.70,0.5630,0.5692,0.6570,0.6100,16.2
perl_trace.txt,YehPatt,"2, 4",40.90,0.5910,0.5961,0.6623,0.6275,16.2
perl_trace.txt,YehPatt,"2, 6",37.48,0.6252,0.6313,0.6719,0.6509,16.1
perl_trace.txt,YehPatt,"2, 8",29.93,0.7007,0.7005,0.7414,0.7204,16.1
perl_trace.txt,YehPatt,"2, 10",18.67,0.8133,0.8064,0.8434,0.8245,16.0
perl_trace.txt,YehPatt,"4, 2",41.44,0.5856,0.5952,0.6353,0.6146,16.1
perl_trace.txt,YehPatt,"4, 4",38.55,0.6145,0.6191,0.6726,0.6448,16.2
perl_trace.txt,YehPatt,"4, 6",33.78,0.6622,0.6675,0.6985,0.6826,16.1
perl_trace.txt,YehPatt,"4, 8",26.94,0.7306,0.7468,0.7292,0.7379,16.3
perl_trace.txt,YehPatt,"4, 10",19.72,0.8028,0.8129,0.8066,0.8097,16.1
perl_trace.txt,YehPatt,"6, 2",30.48,0.6952,0.6932,0.7428,0.7171,16.2
perl_trace.txt,YehPatt,"6, 4",26.43,0.7357,0.7321,0.7756,0.7532,16.0
perl_trace.txt,YehPatt,"6, 6",24.03,0.7597,0.7601,0.7861,0.7728,16.0
perl_trace.txt,YehPatt,"6, 8",19.35,0.8065,0.8067,0.8258,0.8161,15.9
perl_trace.txt,YehPatt,"6, 10",14.88,0.8512,0.8499,0.8670,0.8584,16.0
perl_trace.txt,YehPatt,"8, 2",19.71,0.8029,0.7979,0.8316,0.8144,15.9
perl_trace.txt,YehPatt,"8, 4",16.74,0.8326,0.8226,0.8645,0.8430,15.9
perl_trace.txt,YehPatt,"8, 6",14.31,0.8569,0.8483,0.8827,0.8652,15.9
perl_trace.txt,YehPatt,"8, 8",11.32,0.8868,0.8851,0.8990,0.8920,15.9
perl_trace.txt,YehPatt,"8, 10",9.71,0.9029,0.9013,0.9133,0.9072,15.9
perl_trace.txt,YehPatt,"10, 2",15.26,0.8474,0.8416,0.8703,0.8557,15.9
perl_trace.txt,YehPatt,"10, 4",12.13,0.8787,0.8687,0.9032,0.8857,15.9
perl_trace.txt,YehPatt,"10, 6",10.10,0.8990,0.8887,0.9213,0.9047,15.9
perl_trace.txt,YehPatt,"10, 8",7.70,0.9230,0.9160,0.9380,0.9269,15.9
perl_trace.txt,YehPatt,"10, 10",6.66,0.9334,0.9297,0.9433,0.9364,16.0
perl_trace.txt,YehPatt,"12, 2",11.29,0.8871,0.8792,0.9076,0.8931,15.9
perl_trace.txt,YehPatt,"12, 4",8.61,0.9139,0.9051,0.9323,0.9185,15.9
perl_trace.txt,YehPatt,"12, 6",7.48,0.9252,0.9160,0.9426,0.9291,15.8
perl_trace.txt,YehPatt,"12, 8",6.01,0.9399,0.9339,0.9518,0.9428,15.9
perl_trace.txt,YehPatt,"12, 10",5.25,0.9475,0.9397,0.9606,0.9500,15.9
perl_trace.txt,YehPatt,"14, 2",10.77,0.8923,0.8800,0.9181,0.8987,16.0
perl_trace.txt,YehPatt,"14, 4",8.14,0.9186,0.9058,0.9413,0.9232,15.9
perl_trace.txt,YehPatt,"14, 6",7.30,0.9270,0.9176,0.9443,0.9308,15.9
perl_trace.txt,YehPatt,"14, 8",5.83,0.9417,0.9350,0.9542,0.9445,15.8
perl_trace.txt,YehPatt,"14, 10",5.22,0.9478,0.9400,0.9611,0.9504,15.9
perl_trace.txt,YehPatt,"16, 2",10.74,0.8926,0.8805,0.9181,0.8989,16.0
perl_trace.txt,YehPatt,"16, 4",8.13,0.9187,0.9060,0.9413,0.9233,15.9
perl_trace.txt,YehPatt,"16, 6",7.29,0.9271,0.9178,0.9445,0.9309,15.8
perl_trace.txt,YehPatt,"16, 8",5.81,0.9419,0.9352,0.9543,0.9447,15.9
perl_trace.txt,YehPatt,"16, 10",5.20,0.9480,0.9402,0.9612,0.9506,15.9
perl_trace.txt,TAGE,"2",39.26,0.6074,0.6106,0.6765,0.6419,20.4
perl_trace.txt,TAGE,"4",36.03,0.6397,0.6422,0.6936,0.6669,24.0
perl_trace.txt,TAGE,"6",26.03,0.7397,0.7266,0.8009,0.7619,25.8
perl_trace.txt,TAGE,"8",17.26,0.8274,0.8172,0.8608,0.8384,25.1
perl_trace.txt,TAGE,"10",13.29,0.8671,0.8465,0.9093,0.8768,26.1
perl_trace.txt,TAGE,"12",11.29,0.8871,0.8630,0.9305,0.8955,26.4
perl_trace.txt,TAGE,"14",10.99,0.8901,0.8645,0.9353,0.8985,26.3
perl_trace.txt,TAGE,"16",11.25,0.8875,0.8601,0.9359,0.8964,26.5
